Data_Corte|Diretoria|Empresa|Regiao|Produto|Backlog_Inicial|Vendas_Brutas_Periodo|Cancelamentos_Periodo|Vendas_Liquidas_Periodo|Instalacoes_Periodo|Backlog_Final|Media_Dias_Em_Aberto|Maior_Idade_Dias|Simulado
31/07/2025 23:59|Dir.1|Empresa 1|Reg 1|Prod 1|0|9|1|8|7|1|22,00|22|Sim
31/07/2025 23:59|Dir.1|Empresa 1|Reg 1|Prod 2|0|9|1|8|6|2|20,50|22|Sim
31/07/2025 23:59|Dir.1|Empresa 1|Reg 1|Prod 3|0|16|1|15|12|3|15,67|22|Sim
31/07/2025 23:59|Dir.1|Empresa 1|Reg 2|Prod 1|0|17|0|17|14|3|12,00|30|Sim
31/07/2025 23:59|Dir.1|Empresa 1|Reg 2|Prod 2|0|14|0|14|11|3|12,00|30|Sim
31/07/2025 23:59|Dir.1|Empresa 1|Reg 2|Prod 3|0|10|0|10|10|0|0,00|0|Sim
31/07/2025 23:59|Dir.1|Empresa 2|Reg 3|Prod 1|0|11|1|10|10|0|0,00|0|Sim
31/07/2025 23:59|Dir.1|Empresa 2|Reg 3|Prod 2|0|12|2|10|10|0|0,00|0|Sim
31/07/2025 23:59|Dir.1|Empresa 2|Reg 3|Prod 3|0|18|4|14|13|1|0,00|0|Sim
31/07/2025 23:59|Dir.1|Empresa 2|Reg 5|Prod 1|0|10|4|6|5|1|24,00|24|Sim
31/07/2025 23:59|Dir.1|Empresa 2|Reg 5|Prod 2|0|10|1|9|8|1|0,00|0|Sim
31/07/2025 23:59|Dir.1|Empresa 2|Reg 5|Prod 3|0|15|1|14|14|0|0,00|0|Sim
31/07/2025 23:59|Dir.1|Empresa 2|Reg 6|Prod 1|0|8|1|7|7|0|0,00|0|Sim
31/07/2025 23:59|Dir.1|Empresa 2|Reg 6|Prod 2|0|11|3|8|7|1|14,00|14|Sim
31/07/2025 23:59|Dir.1|Empresa 2|Reg 6|Prod 3|0|19|1|18|16|2|10,50|14|Sim
31/07/2025 23:59|Dir.1|Empresa 3|Reg 4|Prod 1|0|9|0|9|7|2|14,00|28|Sim
31/07/2025 23:59|Dir.1|Empresa 3|Reg 4|Prod 2|0|15|3|12|10|2|8,00|16|Sim
31/07/2025 23:59|Dir.1|Empresa 3|Reg 4|Prod 3|0|15|2|13|12|1|28,00|28|Sim
31/07/2025 23:59|Dir.2|Empresa 2|Reg 7|Prod 1|0|7|0|7|6|1|0,00|0|Sim
31/07/2025 23:59|Dir.2|Empresa 2|Reg 7|Prod 2|0|12|0|12|11|1|1,00|1|Sim
31/07/2025 23:59|Dir.2|Empresa 2|Reg 7|Prod 3|0|15|1|14|12|2|12,50|24|Sim
31/07/2025 23:59|Dir.2|Empresa 2|Reg 8|Prod 1|0|4|0|4|4|0|0,00|0|Sim
31/07/2025 23:59|Dir.2|Empresa 2|Reg 8|Prod 2|0|15|5|10|8|2|27,50|29|Sim
31/07/2025 23:59|Dir.2|Empresa 2|Reg 8|Prod 3|0|16|3|13|10|3|24,00|29|Sim
31/07/2025 23:59|Dir.2|Empresa 3|Reg 10|Prod 1|0|10|1|9|7|2|9,00|15|Sim
31/07/2025 23:59|Dir.2|Empresa 3|Reg 10|Prod 2|0|13|1|12|10|2|9,00|15|Sim
31/07/2025 23:59|Dir.2|Empresa 3|Reg 10|Prod 3|0|11|0|11|9|2|6,50|10|Sim
31/07/2025 23:59|Dir.2|Empresa 3|Reg 11|Prod 1|0|18|1|17|15|2|18,00|29|Sim
31/07/2025 23:59|Dir.2|Empresa 3|Reg 11|Prod 2|0|26|3|23|22|1|7,00|7|Sim
31/07/2025 23:59|Dir.2|Empresa 3|Reg 11|Prod 3|0|27|4|23|20|3|17,00|29|Sim
31/07/2025 23:59|Dir.2|Empresa 3|Reg 9|Prod 1|0|6|2|4|4|0|0,00|0|Sim
31/07/2025 23:59|Dir.2|Empresa 3|Reg 9|Prod 2|0|16|3|13|11|2|11,00|22|Sim
31/07/2025 23:59|Dir.2|Empresa 3|Reg 9|Prod 3|0|19|3|16|13|3|17,33|30|Sim
31/08/2025 23:59|Dir.1|Empresa 1|Reg 1|Prod 1|1|11|0|11|10|2|38,50|53|Sim
31/08/2025 23:59|Dir.1|Empresa 1|Reg 1|Prod 2|2|15|1|14|14|2|51,50|53|Sim
31/08/2025 23:59|Dir.1|Empresa 1|Reg 1|Prod 3|3|15|1|14|12|5|33,60|53|Sim
31/08/2025 23:59|Dir.1|Empresa 1|Reg 2|Prod 1|3|9|2|7|5|5|27,60|61|Sim
31/08/2025 23:59|Dir.1|Empresa 1|Reg 2|Prod 2|3|6|0|6|6|3|38,33|61|Sim
31/08/2025 23:59|Dir.1|Empresa 1|Reg 2|Prod 3|0|15|1|14|11|3|9,67|22|Sim
31/08/2025 23:59|Dir.1|Empresa 2|Reg 3|Prod 1|0|9|2|7|5|2|9,50|19|Sim
31/08/2025 23:59|Dir.1|Empresa 2|Reg 3|Prod 2|0|14|2|12|8|4|12,50|22|Sim
31/08/2025 23:59|Dir.1|Empresa 2|Reg 3|Prod 3|1|15|1|14|10|5|12,00|22|Sim
31/08/2025 23:59|Dir.1|Empresa 2|Reg 5|Prod 1|1|8|0|8|6|3|29,33|55|Sim
31/08/2025 23:59|Dir.1|Empresa 2|Reg 5|Prod 2|1|17|4|13|11|3|11,67|22|Sim
31/08/2025 23:59|Dir.1|Empresa 2|Reg 5|Prod 3|0|15|3|12|11|1|11,00|11|Sim
31/08/2025 23:59|Dir.1|Empresa 2|Reg 6|Prod 1|0|5|1|4|3|1|19,00|19|Sim
31/08/2025 23:59|Dir.1|Empresa 2|Reg 6|Prod 2|1|12|0|12|9|4|20,25|45|Sim
31/08/2025 23:59|Dir.1|Empresa 2|Reg 6|Prod 3|2|15|2|13|11|4|28,00|45|Sim
31/08/2025 23:59|Dir.1|Empresa 3|Reg 4|Prod 1|2|10|0|10|9|3|24,67|59|Sim
31/08/2025 23:59|Dir.1|Empresa 3|Reg 4|Prod 2|2|10|0|10|8|4|21,00|47|Sim
31/08/2025 23:59|Dir.1|Empresa 3|Reg 4|Prod 3|1|17|1|16|14|3|36,67|59|Sim
31/08/2025 23:59|Dir.2|Empresa 2|Reg 7|Prod 1|1|15|4|11|11|1|4,00|4|Sim
31/08/2025 23:59|Dir.2|Empresa 2|Reg 7|Prod 2|1|12|3|9|9|1|32,00|32|Sim
31/08/2025 23:59|Dir.2|Empresa 2|Reg 7|Prod 3|2|19|3|16|15|3|30,33|55|Sim
31/08/2025 23:59|Dir.2|Empresa 2|Reg 8|Prod 1|0|6|0|6|4|2|16,00|20|Sim
31/08/2025 23:59|Dir.2|Empresa 2|Reg 8|Prod 2|2|15|1|14|12|4|37,25|60|Sim
31/08/2025 23:59|Dir.2|Empresa 2|Reg 8|Prod 3|3|13|2|11|9|5|39,40|60|Sim
31/08/2025 23:59|Dir.2|Empresa 3|Reg 10|Prod 1|2|11|0|11|12|1|46,00|46|Sim
31/08/2025 23:59|Dir.2|Empresa 3|Reg 10|Prod 2|2|14|0|14|12|4|25,50|46|Sim
31/08/2025 23:59|Dir.2|Empresa 3|Reg 10|Prod 3|2|15|1|14|14|2|22,00|41|Sim
31/08/2025 23:59|Dir.2|Empresa 3|Reg 11|Prod 1|2|19|0|19|16|5|31,40|60|Sim
31/08/2025 23:59|Dir.2|Empresa 3|Reg 11|Prod 2|1|25|0|25|17|9|17,67|38|Sim
31/08/2025 23:59|Dir.2|Empresa 3|Reg 11|Prod 3|3|29|0|29|24|8|28,50|60|Sim
31/08/2025 23:59|Dir.2|Empresa 3|Reg 9|Prod 1|0|7|0|7|5|2|17,00|23|Sim
31/08/2025 23:59|Dir.2|Empresa 3|Reg 9|Prod 2|2|14|0|14|14|2|32,00|53|Sim
31/08/2025 23:59|Dir.2|Empresa 3|Reg 9|Prod 3|3|19|0|19|16|6|27,00|61|Sim
30/09/2025 23:59|Dir.1|Empresa 1|Reg 1|Prod 1|2|9|1|8|8|2|68,50|83|Sim
30/09/2025 23:59|Dir.1|Empresa 1|Reg 1|Prod 2|2|13|1|12|12|2|81,50|83|Sim
30/09/2025 23:59|Dir.1|Empresa 1|Reg 1|Prod 3|5|15|2|13|13|5|63,60|83|Sim
30/09/2025 23:59|Dir.1|Empresa 1|Reg 2|Prod 1|5|9|0|9|9|5|57,60|91|Sim
30/09/2025 23:59|Dir.1|Empresa 1|Reg 2|Prod 2|3|11|3|8|7|4|52,50|91|Sim
30/09/2025 23:59|Dir.1|Empresa 1|Reg 2|Prod 3|3|13|4|9|8|4|31,00|52|Sim
30/09/2025 23:59|Dir.1|Empresa 2|Reg 3|Prod 1|2|14|4|10|11|1|49,00|49|Sim
30/09/2025 23:59|Dir.1|Empresa 2|Reg 3|Prod 2|4|15|3|12|12|4|35,00|52|Sim
30/09/2025 23:59|Dir.1|Empresa 2|Reg 3|Prod 3|5|16|3|13|13|5|42,00|52|Sim
30/09/2025 23:59|Dir.1|Empresa 2|Reg 5|Prod 1|3|9|0|9|9|3|52,33|85|Sim
30/09/2025 23:59|Dir.1|Empresa 2|Reg 5|Prod 2|3|9|1|8|8|3|28,00|52|Sim
30/09/2025 23:59|Dir.1|Empresa 2|Reg 5|Prod 3|1|12|0|12|11|2|18,50|20|Sim
30/09/2025 23:59|Dir.1|Empresa 2|Reg 6|Prod 1|1|9|2|7|5|3|23,33|49|Sim
30/09/2025 23:59|Dir.1|Empresa 2|Reg 6|Prod 2|4|14|1|13|13|4|43,25|75|Sim
30/09/2025 23:59|Dir.1|Empresa 2|Reg 6|Prod 3|4|13|3|10|9|5|39,80|75|Sim
30/09/2025 23:59|Dir.1|Empresa 3|Reg 4|Prod 1|3|9|0|9|8|4|37,50|89|Sim
30/09/2025 23:59|Dir.1|Empresa 3|Reg 4|Prod 2|4|15|0|15|15|4|45,25|77|Sim
30/09/2025 23:59|Dir.1|Empresa 3|Reg 4|Prod 3|3|19|0|19|16|6|39,17|89|Sim
30/09/2025 23:59|Dir.2|Empresa 2|Reg 7|Prod 1|1|8|1|7|5|3|21,33|34|Sim
30/09/2025 23:59|Dir.2|Empresa 2|Reg 7|Prod 2|1|15|3|12|10|3|21,00|62|Sim
30/09/2025 23:59|Dir.2|Empresa 2|Reg 7|Prod 3|3|18|3|15|14|4|52,50|85|Sim
30/09/2025 23:59|Dir.2|Empresa 2|Reg 8|Prod 1|2|9|2|7|5|4|28,00|50|Sim
30/09/2025 23:59|Dir.2|Empresa 2|Reg 8|Prod 2|4|12|4|8|8|4|67,25|90|Sim
30/09/2025 23:59|Dir.2|Empresa 2|Reg 8|Prod 3|5|14|2|12|11|6|57,83|90|Sim
30/09/2025 23:59|Dir.2|Empresa 3|Reg 10|Prod 1|1|5|1|4|3|2|48,50|76|Sim
30/09/2025 23:59|Dir.2|Empresa 3|Reg 10|Prod 2|4|8|0|8|7|5|47,40|76|Sim
30/09/2025 23:59|Dir.2|Empresa 3|Reg 10|Prod 3|2|15|0|15|14|3|34,67|71|Sim
30/09/2025 23:59|Dir.2|Empresa 3|Reg 11|Prod 1|5|21|2|19|18|6|55,67|90|Sim
30/09/2025 23:59|Dir.2|Empresa 3|Reg 11|Prod 2|9|22|2|20|19|10|41,70|68|Sim
30/09/2025 23:59|Dir.2|Empresa 3|Reg 11|Prod 3|8|31|1|30|28|10|47,70|90|Sim
30/09/2025 23:59|Dir.2|Empresa 3|Reg 9|Prod 1|2|13|0|13|10|5|23,20|53|Sim
30/09/2025 23:59|Dir.2|Empresa 3|Reg 9|Prod 2|2|15|0|15|11|6|27,83|83|Sim
30/09/2025 23:59|Dir.2|Empresa 3|Reg 9|Prod 3|6|20|0|20|17|9|42,22|91|Sim
10/10/2025 23:59|Dir.1|Empresa 1|Reg 1|Prod 1|2|2|0|2|1|3|52,33|93|Sim
10/10/2025 23:59|Dir.1|Empresa 1|Reg 1|Prod 2|2|2|0|2|1|3|61,00|93|Sim
10/10/2025 23:59|Dir.1|Empresa 1|Reg 1|Prod 3|5|9|0|9|7|7|52,57|93|Sim
10/10/2025 23:59|Dir.1|Empresa 1|Reg 2|Prod 1|5|3|0|3|3|5|67,60|101|Sim
10/10/2025 23:59|Dir.1|Empresa 1|Reg 2|Prod 2|4|6|0|6|5|5|50,80|101|Sim
10/10/2025 23:59|Dir.1|Empresa 1|Reg 2|Prod 3|4|10|0|10|7|7|26,43|62|Sim
10/10/2025 23:59|Dir.1|Empresa 2|Reg 3|Prod 1|1|0|0|0|0|1|59,00|59|Sim
10/10/2025 23:59|Dir.1|Empresa 2|Reg 3|Prod 2|4|4|0|4|4|4|44,50|62|Sim
10/10/2025 23:59|Dir.1|Empresa 2|Reg 3|Prod 3|5|3|0|3|3|5|52,00|62|Sim
10/10/2025 23:59|Dir.1|Empresa 2|Reg 5|Prod 1|3|8|0|8|7|4|47,25|95|Sim
10/10/2025 23:59|Dir.1|Empresa 2|Reg 5|Prod 2|3|3|0|3|3|3|35,67|62|Sim
10/10/2025 23:59|Dir.1|Empresa 2|Reg 5|Prod 3|2|7|0|7|5|4|15,25|30|Sim
10/10/2025 23:59|Dir.1|Empresa 2|Reg 6|Prod 1|3|4|1|3|3|3|33,33|59|Sim
10/10/2025 23:59|Dir.1|Empresa 2|Reg 6|Prod 2|4|6|1|5|5|4|53,25|85|Sim
10/10/2025 23:59|Dir.1|Empresa 2|Reg 6|Prod 3|5|7|2|5|6|4|59,75|85|Sim
10/10/2025 23:59|Dir.1|Empresa 3|Reg 4|Prod 1|4|3|1|2|3|3|60,00|99|Sim
10/10/2025 23:59|Dir.1|Empresa 3|Reg 4|Prod 2|4|6|1|5|2|7|33,43|87|Sim
10/10/2025 23:59|Dir.1|Empresa 3|Reg 4|Prod 3|6|11|1|10|7|9|33,11|99|Sim
10/10/2025 23:59|Dir.2|Empresa 2|Reg 7|Prod 1|3|1|0|1|1|3|31,33|44|Sim
10/10/2025 23:59|Dir.2|Empresa 2|Reg 7|Prod 2|3|3|0|3|2|4|21,75|72|Sim
10/10/2025 23:59|Dir.2|Empresa 2|Reg 7|Prod 3|4|4|0|4|2|6|42,33|95|Sim
10/10/2025 23:59|Dir.2|Empresa 2|Reg 8|Prod 1|4|3|1|2|3|3|47,33|60|Sim
10/10/2025 23:59|Dir.2|Empresa 2|Reg 8|Prod 2|4|4|1|3|3|4|77,25|100|Sim
10/10/2025 23:59|Dir.2|Empresa 2|Reg 8|Prod 3|6|3|1|2|2|6|66,33|100|Sim
10/10/2025 23:59|Dir.2|Empresa 3|Reg 10|Prod 1|2|5|1|4|3|3|42,00|86|Sim
10/10/2025 23:59|Dir.2|Empresa 3|Reg 10|Prod 2|5|7|0|7|5|7|42,29|86|Sim
10/10/2025 23:59|Dir.2|Empresa 3|Reg 10|Prod 3|3|10|0|10|10|3|42,33|81|Sim
10/10/2025 23:59|Dir.2|Empresa 3|Reg 11|Prod 1|6|6|2|4|3|7|57,29|100|Sim
10/10/2025 23:59|Dir.2|Empresa 3|Reg 11|Prod 2|10|6|1|5|5|10|51,70|78|Sim
10/10/2025 23:59|Dir.2|Empresa 3|Reg 11|Prod 3|10|8|1|7|5|12|48,58|100|Sim
10/10/2025 23:59|Dir.2|Empresa 3|Reg 9|Prod 1|5|5|1|4|4|5|31,80|63|Sim
10/10/2025 23:59|Dir.2|Empresa 3|Reg 9|Prod 2|6|3|1|2|3|5|43,40|93|Sim
10/10/2025 23:59|Dir.2|Empresa 3|Reg 9|Prod 3|9|9|1|8|4|13|36,85|101|Sim
