Data_Ref|Data_Agendada|Data_Encerramento|Diretoria|Empresa|Regiao|Prod 1|Prod 2|Prod 3|Combo|ID_Origem|Simulado|Data_Cancelamento|Motivo_Cancelamento|ID_Pedido
02/07/2025 00:00|03/07/2025 17:03||Dir.2|Empresa 3|Reg 11|0|0|1|0|SIM-LINHA-000003|Sim|02/07/2025 08:29|Inviabilidade de instalacao|SIM-LINHA-000003
03/07/2025 00:00|04/07/2025 17:06||Dir.2|Empresa 3|Reg 11|0|1|1|0|SIM-LINHA-000004|Sim|03/07/2025 22:48|Produto indisponivel|SIM-LINHA-000004
04/07/2025 00:00|05/07/2025 15:31||Dir.2|Empresa 3|Reg 11|0|1|0|0|SIM-LINHA-000005|Sim|04/07/2025 09:40|Compra duplicada|SIM-LINHA-000005
28/07/2025 00:00|29/07/2025 15:28||Dir.2|Empresa 3|Reg 11|1|0|1|0|SIM-LINHA-000029|Sim|28/07/2025 04:25|Inviabilidade de instalacao|SIM-LINHA-000029
09/09/2025 00:00|10/09/2025 16:38||Dir.2|Empresa 3|Reg 11|1|0|0|0|SIM-LINHA-000072|Sim|10/09/2025 12:31|Produto indisponivel|SIM-LINHA-000072
05/07/2025 00:00|06/07/2025 17:09||Dir.2|Empresa 3|Reg 11|0|1|1|0|SIM-LINHA-000098|Sim|05/07/2025 20:20|Inviabilidade de instalacao|SIM-LINHA-000098
15/09/2025 00:00|16/09/2025 16:24||Dir.2|Empresa 3|Reg 11|0|1|0|0|SIM-LINHA-000170|Sim|15/09/2025 20:54|Desistencia do cliente|SIM-LINHA-000170
24/09/2025 00:00|25/09/2025 14:50||Dir.2|Empresa 3|Reg 11|1|1|1|1|SIM-LINHA-000179|Sim|24/09/2025 14:02|Compra duplicada|SIM-LINHA-000179
15/07/2025 00:00|16/07/2025 14:31||Dir.2|Empresa 3|Reg 10|0|1|0|0|SIM-LINHA-000200|Sim|15/07/2025 22:45|Produto indisponivel|SIM-LINHA-000200
16/07/2025 00:00|17/07/2025 15:59||Dir.2|Empresa 3|Reg 10|1|0|0|0|SIM-LINHA-000201|Sim|16/07/2025 07:52|Produto indisponivel|SIM-LINHA-000201
06/08/2025 00:00|07/08/2025 15:05||Dir.2|Empresa 3|Reg 10|0|0|1|0|SIM-LINHA-000222|Sim|07/08/2025 10:57|Inviabilidade de instalacao|SIM-LINHA-000222
16/09/2025 00:00|17/09/2025 14:35||Dir.2|Empresa 3|Reg 10|1|0|0|0|SIM-LINHA-000263|Sim|16/09/2025 15:55|Inviabilidade de instalacao|SIM-LINHA-000263
07/07/2025 00:00|08/07/2025 16:43||Dir.2|Empresa 3|Reg 9|0|1|1|0|SIM-LINHA-000284|Sim|07/07/2025 08:10|Produto indisponivel|SIM-LINHA-000284
11/07/2025 00:00|12/07/2025 15:40||Dir.2|Empresa 3|Reg 9|1|0|1|0|SIM-LINHA-000288|Sim|12/07/2025 08:55|Produto indisponivel|SIM-LINHA-000288
14/07/2025 00:00|15/07/2025 17:13||Dir.2|Empresa 3|Reg 9|1|1|0|0|SIM-LINHA-000291|Sim|15/07/2025 09:31|Compra duplicada|SIM-LINHA-000291
17/07/2025 00:00|18/07/2025 14:45||Dir.2|Empresa 3|Reg 9|0|1|1|0|SIM-LINHA-000294|Sim|17/07/2025 13:14|Compra duplicada|SIM-LINHA-000294
30/09/2025 00:00|01/10/2025 14:53||Dir.2|Empresa 3|Reg 9|1|1|0|0|SIM-LINHA-000369|Sim|01/10/2025 12:32|Produto indisponivel|SIM-LINHA-000369
01/07/2025 00:00|02/07/2025 14:25||Dir.2|Empresa 2|Reg 8|0|1|0|0|SIM-LINHA-000370|Sim|02/07/2025 09:10|Inviabilidade de instalacao|SIM-LINHA-000370
07/07/2025 00:00|08/07/2025 14:55||Dir.2|Empresa 2|Reg 8|0|1|1|0|SIM-LINHA-000376|Sim|07/07/2025 03:20|Compra duplicada|SIM-LINHA-000376
08/07/2025 00:00|09/07/2025 15:44||Dir.2|Empresa 2|Reg 8|0|1|0|0|SIM-LINHA-000377|Sim|09/07/2025 03:51|Inviabilidade de instalacao|SIM-LINHA-000377
09/07/2025 00:00|10/07/2025 14:26||Dir.2|Empresa 2|Reg 8|0|0|1|0|SIM-LINHA-000378|Sim|09/07/2025 18:57|Inviabilidade de instalacao|SIM-LINHA-000378
10/07/2025 00:00|11/07/2025 14:46||Dir.2|Empresa 2|Reg 8|0|1|0|0|SIM-LINHA-000379|Sim|11/07/2025 12:22|Produto indisponivel|SIM-LINHA-000379
23/07/2025 00:00|24/07/2025 15:55||Dir.2|Empresa 2|Reg 8|0|0|1|0|SIM-LINHA-000392|Sim|23/07/2025 22:57|Inviabilidade de instalacao|SIM-LINHA-000392
30/07/2025 00:00|31/07/2025 15:31||Dir.2|Empresa 2|Reg 8|0|1|0|0|SIM-LINHA-000399|Sim|30/07/2025 21:35|Desistencia do cliente|SIM-LINHA-000399
07/08/2025 00:00|08/08/2025 15:13||Dir.2|Empresa 2|Reg 8|0|0|1|0|SIM-LINHA-000407|Sim|08/08/2025 05:51|Compra duplicada|SIM-LINHA-000407
15/08/2025 00:00|16/08/2025 16:13||Dir.2|Empresa 2|Reg 8|0|1|0|0|SIM-LINHA-000415|Sim|15/08/2025 00:06|Produto indisponivel|SIM-LINHA-000415
25/08/2025 00:00|26/08/2025 15:50||Dir.2|Empresa 2|Reg 8|0|0|1|0|SIM-LINHA-000425|Sim|25/08/2025 16:53|Inviabilidade de instalacao|SIM-LINHA-000425
01/09/2025 00:00|02/09/2025 16:36||Dir.2|Empresa 2|Reg 8|1|1|0|0|SIM-LINHA-000432|Sim|01/09/2025 06:58|Desistencia do cliente|SIM-LINHA-000432
05/09/2025 00:00|06/09/2025 15:30||Dir.2|Empresa 2|Reg 8|0|1|0|0|SIM-LINHA-000436|Sim|06/09/2025 08:35|Produto indisponivel|SIM-LINHA-000436
07/09/2025 00:00|08/09/2025 14:43||Dir.2|Empresa 2|Reg 8|1|0|0|0|SIM-LINHA-000438|Sim|08/09/2025 14:03|Produto indisponivel|SIM-LINHA-000438
08/09/2025 00:00|09/09/2025 14:32||Dir.2|Empresa 2|Reg 8|0|1|1|0|SIM-LINHA-000439|Sim|09/09/2025 02:23|Desistencia do cliente|SIM-LINHA-000439
14/09/2025 00:00|15/09/2025 17:22||Dir.2|Empresa 2|Reg 8|0|1|1|0|SIM-LINHA-000445|Sim|14/09/2025 23:07|Compra duplicada|SIM-LINHA-000445
03/07/2025 00:00|04/07/2025 17:22||Dir.2|Empresa 2|Reg 7|0|0|1|0|SIM-LINHA-000464|Sim|03/07/2025 13:36|Compra duplicada|SIM-LINHA-000464
02/08/2025 00:00|03/08/2025 15:52||Dir.2|Empresa 2|Reg 7|1|1|1|1|SIM-LINHA-000494|Sim|02/08/2025 04:17|Desistencia do cliente|SIM-LINHA-000494
03/08/2025 00:00|04/08/2025 17:11||Dir.2|Empresa 2|Reg 7|1|1|1|1|SIM-LINHA-000495|Sim|03/08/2025 02:17|Compra duplicada|SIM-LINHA-000495
16/08/2025 00:00|17/08/2025 15:28||Dir.2|Empresa 2|Reg 7|1|1|1|1|SIM-LINHA-000508|Sim|16/08/2025 07:16|Produto indisponivel|SIM-LINHA-000508
25/08/2025 00:00|26/08/2025 14:57||Dir.2|Empresa 2|Reg 7|1|0|0|0|SIM-LINHA-000517|Sim|25/08/2025 07:59|Desistencia do cliente|SIM-LINHA-000517
02/09/2025 00:00|03/09/2025 15:58||Dir.2|Empresa 2|Reg 7|1|1|0|0|SIM-LINHA-000525|Sim|03/09/2025 13:14|Produto indisponivel|SIM-LINHA-000525
14/09/2025 00:00|15/09/2025 16:51||Dir.2|Empresa 2|Reg 7|0|0|1|0|SIM-LINHA-000537|Sim|14/09/2025 16:00|Compra duplicada|SIM-LINHA-000537
16/09/2025 00:00|17/09/2025 15:40||Dir.2|Empresa 2|Reg 7|0|1|1|0|SIM-LINHA-000539|Sim|16/09/2025 12:47|Produto indisponivel|SIM-LINHA-000539
23/09/2025 00:00|24/09/2025 16:00||Dir.2|Empresa 2|Reg 7|0|1|1|0|SIM-LINHA-000546|Sim|23/09/2025 21:48|Produto indisponivel|SIM-LINHA-000546
02/07/2025 00:00|03/07/2025 16:21||Dir.1|Empresa 2|Reg 6|1|1|0|0|SIM-LINHA-000555|Sim|02/07/2025 18:20|Produto indisponivel|SIM-LINHA-000555
08/07/2025 00:00|09/07/2025 14:41||Dir.1|Empresa 2|Reg 6|0|1|1|0|SIM-LINHA-000561|Sim|08/07/2025 07:11|Compra duplicada|SIM-LINHA-000561
19/07/2025 00:00|20/07/2025 16:55||Dir.1|Empresa 2|Reg 6|0|1|0|0|SIM-LINHA-000572|Sim|20/07/2025 15:02|Produto indisponivel|SIM-LINHA-000572
20/08/2025 00:00|21/08/2025 16:12||Dir.1|Empresa 2|Reg 6|0|0|1|0|SIM-LINHA-000604|Sim|20/08/2025 10:23|Produto indisponivel|SIM-LINHA-000604
23/08/2025 00:00|24/08/2025 16:41||Dir.1|Empresa 2|Reg 6|1|0|1|0|SIM-LINHA-000607|Sim|23/08/2025 12:05|Produto indisponivel|SIM-LINHA-000607
06/09/2025 00:00|07/09/2025 16:15||Dir.1|Empresa 2|Reg 6|0|1|1|0|SIM-LINHA-000621|Sim|07/09/2025 03:19|Produto indisponivel|SIM-LINHA-000621
09/09/2025 00:00|10/09/2025 16:05||Dir.1|Empresa 2|Reg 6|1|0|1|0|SIM-LINHA-000624|Sim|09/09/2025 16:04|Compra duplicada|SIM-LINHA-000624
29/09/2025 00:00|30/09/2025 17:15||Dir.1|Empresa 2|Reg 6|1|0|1|0|SIM-LINHA-000644|Sim|29/09/2025 16:51|Compra duplicada|SIM-LINHA-000644
10/07/2025 00:00|11/07/2025 14:36||Dir.1|Empresa 2|Reg 5|1|1|0|0|SIM-LINHA-000655|Sim|10/07/2025 15:53|Desistencia do cliente|SIM-LINHA-000655
11/07/2025 00:00|12/07/2025 16:33||Dir.1|Empresa 2|Reg 5|1|0|1|0|SIM-LINHA-000656|Sim|11/07/2025 11:48|Desistencia do cliente|SIM-LINHA-000656
16/07/2025 00:00|17/07/2025 14:47||Dir.1|Empresa 2|Reg 5|1|0|0|0|SIM-LINHA-000661|Sim|17/07/2025 12:53|Produto indisponivel|SIM-LINHA-000661
19/07/2025 00:00|20/07/2025 16:05||Dir.1|Empresa 2|Reg 5|1|0|0|0|SIM-LINHA-000664|Sim|19/07/2025 05:49|Compra duplicada|SIM-LINHA-000664
11/08/2025 00:00|12/08/2025 16:58||Dir.1|Empresa 2|Reg 5|0|1|1|0|SIM-LINHA-000687|Sim|12/08/2025 01:57|Desistencia do cliente|SIM-LINHA-000687
14/08/2025 00:00|15/08/2025 14:49||Dir.1|Empresa 2|Reg 5|0|1|0|0|SIM-LINHA-000690|Sim|14/08/2025 11:44|Desistencia do cliente|SIM-LINHA-000690
18/08/2025 00:00|19/08/2025 15:35||Dir.1|Empresa 2|Reg 5|0|1|1|0|SIM-LINHA-000694|Sim|18/08/2025 14:10|Produto indisponivel|SIM-LINHA-000694
20/08/2025 00:00|21/08/2025 15:25||Dir.1|Empresa 2|Reg 5|0|1|0|0|SIM-LINHA-000696|Sim|20/08/2025 01:30|Desistencia do cliente|SIM-LINHA-000696
24/08/2025 00:00|25/08/2025 14:55||Dir.1|Empresa 2|Reg 5|0|0|1|0|SIM-LINHA-000700|Sim|25/08/2025 08:23|Desistencia do cliente|SIM-LINHA-000700
21/09/2025 00:00|22/09/2025 17:05||Dir.1|Empresa 2|Reg 5|0|1|0|0|SIM-LINHA-000728|Sim|22/09/2025 06:50|Compra duplicada|SIM-LINHA-000728
13/07/2025 00:00|14/07/2025 14:30||Dir.1|Empresa 3|Reg 4|0|1|1|0|SIM-LINHA-000750|Sim|13/07/2025 17:28|Compra duplicada|SIM-LINHA-000750
14/07/2025 00:00|15/07/2025 14:54||Dir.1|Empresa 3|Reg 4|0|1|1|0|SIM-LINHA-000751|Sim|15/07/2025 10:32|Inviabilidade de instalacao|SIM-LINHA-000751
16/07/2025 00:00|17/07/2025 16:54||Dir.1|Empresa 3|Reg 4|0|1|0|0|SIM-LINHA-000753|Sim|16/07/2025 07:33|Produto indisponivel|SIM-LINHA-000753
30/08/2025 00:00|31/08/2025 17:10||Dir.1|Empresa 3|Reg 4|0|0|1|0|SIM-LINHA-000798|Sim|31/08/2025 09:31|Compra duplicada|SIM-LINHA-000798
19/07/2025 00:00|20/07/2025 16:24||Dir.1|Empresa 2|Reg 3|0|0|1|0|SIM-LINHA-000848|Sim|20/07/2025 14:40|Inviabilidade de instalacao|SIM-LINHA-000848
22/07/2025 00:00|23/07/2025 14:53||Dir.1|Empresa 2|Reg 3|0|1|1|0|SIM-LINHA-000851|Sim|22/07/2025 06:05|Produto indisponivel|SIM-LINHA-000851
24/07/2025 00:00|25/07/2025 15:40||Dir.1|Empresa 2|Reg 3|0|0|1|0|SIM-LINHA-000853|Sim|24/07/2025 16:30|Produto indisponivel|SIM-LINHA-000853
29/07/2025 00:00|30/07/2025 14:38||Dir.1|Empresa 2|Reg 3|1|1|1|1|SIM-LINHA-000858|Sim|29/07/2025 21:09|Compra duplicada|SIM-LINHA-000858
05/08/2025 00:00|06/08/2025 14:46||Dir.1|Empresa 2|Reg 3|1|1|0|0|SIM-LINHA-000865|Sim|05/08/2025 12:34|Compra duplicada|SIM-LINHA-000865
18/08/2025 00:00|19/08/2025 14:53||Dir.1|Empresa 2|Reg 3|1|0|1|0|SIM-LINHA-000878|Sim|18/08/2025 04:21|Compra duplicada|SIM-LINHA-000878
29/08/2025 00:00|30/08/2025 14:33||Dir.1|Empresa 2|Reg 3|0|1|0|0|SIM-LINHA-000889|Sim|30/08/2025 07:10|Compra duplicada|SIM-LINHA-000889
31/08/2025 00:00|01/09/2025 15:00||Dir.1|Empresa 2|Reg 3|1|1|0|0|SIM-LINHA-000891|Sim|01/09/2025 04:02|Produto indisponivel|SIM-LINHA-000891
01/09/2025 00:00|02/09/2025 15:17||Dir.1|Empresa 2|Reg 3|1|0|1|0|SIM-LINHA-000892|Sim|02/09/2025 08:30|Produto indisponivel|SIM-LINHA-000892
09/09/2025 00:00|10/09/2025 14:27||Dir.1|Empresa 2|Reg 3|1|1|1|1|SIM-LINHA-000900|Sim|10/09/2025 02:27|Produto indisponivel|SIM-LINHA-000900
28/09/2025 00:00|29/09/2025 14:33||Dir.1|Empresa 2|Reg 3|1|1|1|1|SIM-LINHA-000919|Sim|29/09/2025 13:12|Inviabilidade de instalacao|SIM-LINHA-000919
04/08/2025 00:00|05/08/2025 14:32||Dir.1|Empresa 1|Reg 2|1|0|0|0|SIM-LINHA-000956|Sim|04/08/2025 15:43|Produto indisponivel|SIM-LINHA-000956
19/08/2025 00:00|20/08/2025 15:14||Dir.1|Empresa 1|Reg 2|1|0|0|0|SIM-LINHA-000971|Sim|20/08/2025 11:15|Compra duplicada|SIM-LINHA-000971
29/08/2025 00:00|30/08/2025 14:56||Dir.1|Empresa 1|Reg 2|0|0|1|0|SIM-LINHA-000981|Sim|29/08/2025 11:24|Produto indisponivel|SIM-LINHA-000981
01/09/2025 00:00|02/09/2025 15:07||Dir.1|Empresa 1|Reg 2|0|1|1|0|SIM-LINHA-000984|Sim|02/09/2025 11:05|Inviabilidade de instalacao|SIM-LINHA-000984
08/09/2025 00:00|09/09/2025 15:16||Dir.1|Empresa 1|Reg 2|0|1|1|0|SIM-LINHA-000991|Sim|08/09/2025 14:03|Inviabilidade de instalacao|SIM-LINHA-000991
12/09/2025 00:00|13/09/2025 16:14||Dir.1|Empresa 1|Reg 2|0|1|1|0|SIM-LINHA-000995|Sim|13/09/2025 08:05|Desistencia do cliente|SIM-LINHA-000995
26/09/2025 00:00|27/09/2025 16:40||Dir.1|Empresa 1|Reg 2|0|0|1|0|SIM-LINHA-001009|Sim|27/09/2025 04:56|Produto indisponivel|SIM-LINHA-001009
02/07/2025 00:00|03/07/2025 15:37||Dir.1|Empresa 1|Reg 1|1|0|1|0|SIM-LINHA-001015|Sim|03/07/2025 09:41|Desistencia do cliente|SIM-LINHA-001015
22/07/2025 00:00|23/07/2025 17:13||Dir.1|Empresa 1|Reg 1|0|1|0|0|SIM-LINHA-001035|Sim|22/07/2025 00:29|Desistencia do cliente|SIM-LINHA-001035
01/08/2025 00:00|02/08/2025 16:40||Dir.1|Empresa 1|Reg 1|0|0|1|0|SIM-LINHA-001045|Sim|01/08/2025 05:01|Produto indisponivel|SIM-LINHA-001045
06/08/2025 00:00|07/08/2025 14:50||Dir.1|Empresa 1|Reg 1|0|1|0|0|SIM-LINHA-001050|Sim|06/08/2025 04:21|Compra duplicada|SIM-LINHA-001050
03/09/2025 00:00|04/09/2025 16:33||Dir.1|Empresa 1|Reg 1|0|0|1|0|SIM-LINHA-001078|Sim|04/09/2025 04:38|Produto indisponivel|SIM-LINHA-001078
07/09/2025 00:00|08/09/2025 14:57||Dir.1|Empresa 1|Reg 1|1|1|1|1|SIM-LINHA-001082|Sim|07/09/2025 16:52|Inviabilidade de instalacao|SIM-LINHA-001082
01/10/2025 00:00|02/10/2025 12:18||Dir.2|Empresa 3|Reg 9|0|0|1|0|SIM-LINHA-001106|Sim|01/10/2025 14:32|Produto indisponivel|SIM-LINHA-001106
02/10/2025 00:00|03/10/2025 10:24||Dir.1|Empresa 2|Reg 6|0|1|1|0|SIM-LINHA-001118|Sim|02/10/2025 15:46|Produto indisponivel|SIM-LINHA-001118
03/10/2025 00:00|04/10/2025 09:32||Dir.2|Empresa 2|Reg 8|1|0|0|0|SIM-LINHA-001130|Sim|03/10/2025 11:37|Produto indisponivel|SIM-LINHA-001130
04/10/2025 00:00|05/10/2025 15:27||Dir.2|Empresa 2|Reg 8|0|1|1|0|SIM-LINHA-001142|Sim|04/10/2025 17:56|Inviabilidade de instalacao|SIM-LINHA-001142
05/10/2025 00:00|06/10/2025 09:18||Dir.1|Empresa 2|Reg 6|1|0|1|0|SIM-LINHA-001154|Sim|05/10/2025 18:10|Inviabilidade de instalacao|SIM-LINHA-001154
07/10/2025 00:00|08/10/2025 12:47||Dir.1|Empresa 3|Reg 4|1|1|1|1|SIM-LINHA-001178|Sim|07/10/2025 19:07|Desistencia do cliente|SIM-LINHA-001178
08/10/2025 00:00|09/10/2025 15:44||Dir.2|Empresa 3|Reg 10|1|0|0|0|SIM-LINHA-001190|Sim|08/10/2025 16:17|Produto indisponivel|SIM-LINHA-001190
09/10/2025 00:00|10/10/2025 15:49||Dir.2|Empresa 3|Reg 11|1|0|1|0|SIM-LINHA-001202|Sim|09/10/2025 16:02|Inviabilidade de instalacao|SIM-LINHA-001202
10/10/2025 00:00|11/10/2025 16:40||Dir.2|Empresa 3|Reg 11|1|1|0|0|SIM-LINHA-001214|Sim|10/10/2025 20:20|Inviabilidade de instalacao|SIM-LINHA-001214
