Mes_Referencia|Diretoria|Empresa|Regiao|Produto|Indicador|Media_Mensal_Base|Margem_Percentual|Meta_Quantidade|Periodo_Base|Simulado
07/2025|Dir.1|Empresa 1|Reg 1|Prod 1|Produtos vendidos|0|0|10|Meta inicial de cenario; rateio proporcional a 08/2025|Sim
07/2025|Dir.1|Empresa 1|Reg 1|Prod 2|Produtos vendidos|0|0|12|Meta inicial de cenario; rateio proporcional a 08/2025|Sim
07/2025|Dir.1|Empresa 1|Reg 1|Prod 3|Produtos vendidos|0|0|15|Meta inicial de cenario; rateio proporcional a 08/2025|Sim
07/2025|Dir.1|Empresa 1|Reg 2|Prod 1|Produtos vendidos|0|0|12|Meta inicial de cenario; rateio proporcional a 08/2025|Sim
07/2025|Dir.1|Empresa 1|Reg 2|Prod 2|Produtos vendidos|0|0|11|Meta inicial de cenario; rateio proporcional a 08/2025|Sim
07/2025|Dir.1|Empresa 1|Reg 2|Prod 3|Produtos vendidos|0|0|12|Meta inicial de cenario; rateio proporcional a 08/2025|Sim
07/2025|Dir.1|Empresa 2|Reg 3|Prod 1|Produtos vendidos|0|0|12|Meta inicial de cenario; rateio proporcional a 08/2025|Sim
07/2025|Dir.1|Empresa 2|Reg 3|Prod 2|Produtos vendidos|0|0|13|Meta inicial de cenario; rateio proporcional a 08/2025|Sim
07/2025|Dir.1|Empresa 2|Reg 3|Prod 3|Produtos vendidos|0|0|16|Meta inicial de cenario; rateio proporcional a 08/2025|Sim
07/2025|Dir.1|Empresa 2|Reg 5|Prod 1|Produtos vendidos|0|0|10|Meta inicial de cenario; rateio proporcional a 08/2025|Sim
07/2025|Dir.1|Empresa 2|Reg 5|Prod 2|Produtos vendidos|0|0|12|Meta inicial de cenario; rateio proporcional a 08/2025|Sim
07/2025|Dir.1|Empresa 2|Reg 5|Prod 3|Produtos vendidos|0|0|14|Meta inicial de cenario; rateio proporcional a 08/2025|Sim
07/2025|Dir.1|Empresa 2|Reg 6|Prod 1|Produtos vendidos|0|0|8|Meta inicial de cenario; rateio proporcional a 08/2025|Sim
07/2025|Dir.1|Empresa 2|Reg 6|Prod 2|Produtos vendidos|0|0|12|Meta inicial de cenario; rateio proporcional a 08/2025|Sim
07/2025|Dir.1|Empresa 2|Reg 6|Prod 3|Produtos vendidos|0|0|15|Meta inicial de cenario; rateio proporcional a 08/2025|Sim
07/2025|Dir.1|Empresa 3|Reg 4|Prod 1|Produtos vendidos|0|0|10|Meta inicial de cenario; rateio proporcional a 08/2025|Sim
07/2025|Dir.1|Empresa 3|Reg 4|Prod 2|Produtos vendidos|0|0|13|Meta inicial de cenario; rateio proporcional a 08/2025|Sim
07/2025|Dir.1|Empresa 3|Reg 4|Prod 3|Produtos vendidos|0|0|17|Meta inicial de cenario; rateio proporcional a 08/2025|Sim
07/2025|Dir.2|Empresa 2|Reg 7|Prod 1|Produtos vendidos|0|0|11|Meta inicial de cenario; rateio proporcional a 08/2025|Sim
07/2025|Dir.2|Empresa 2|Reg 7|Prod 2|Produtos vendidos|0|0|13|Meta inicial de cenario; rateio proporcional a 08/2025|Sim
07/2025|Dir.2|Empresa 2|Reg 7|Prod 3|Produtos vendidos|0|0|17|Meta inicial de cenario; rateio proporcional a 08/2025|Sim
07/2025|Dir.2|Empresa 2|Reg 8|Prod 1|Produtos vendidos|0|0|7|Meta inicial de cenario; rateio proporcional a 08/2025|Sim
07/2025|Dir.2|Empresa 2|Reg 8|Prod 2|Produtos vendidos|0|0|14|Meta inicial de cenario; rateio proporcional a 08/2025|Sim
07/2025|Dir.2|Empresa 2|Reg 8|Prod 3|Produtos vendidos|0|0|14|Meta inicial de cenario; rateio proporcional a 08/2025|Sim
07/2025|Dir.2|Empresa 3|Reg 10|Prod 1|Produtos vendidos|0|0|9|Meta inicial de cenario; rateio proporcional a 08/2025|Sim
07/2025|Dir.2|Empresa 3|Reg 10|Prod 2|Produtos vendidos|0|0|12|Meta inicial de cenario; rateio proporcional a 08/2025|Sim
07/2025|Dir.2|Empresa 3|Reg 10|Prod 3|Produtos vendidos|0|0|13|Meta inicial de cenario; rateio proporcional a 08/2025|Sim
07/2025|Dir.2|Empresa 3|Reg 11|Prod 1|Produtos vendidos|0|0|19|Meta inicial de cenario; rateio proporcional a 08/2025|Sim
07/2025|Dir.2|Empresa 3|Reg 11|Prod 2|Produtos vendidos|0|0|25|Meta inicial de cenario; rateio proporcional a 08/2025|Sim
07/2025|Dir.2|Empresa 3|Reg 11|Prod 3|Produtos vendidos|0|0|29|Meta inicial de cenario; rateio proporcional a 08/2025|Sim
07/2025|Dir.2|Empresa 3|Reg 9|Prod 1|Produtos vendidos|0|0|9|Meta inicial de cenario; rateio proporcional a 08/2025|Sim
07/2025|Dir.2|Empresa 3|Reg 9|Prod 2|Produtos vendidos|0|0|15|Meta inicial de cenario; rateio proporcional a 08/2025|Sim
07/2025|Dir.2|Empresa 3|Reg 9|Prod 3|Produtos vendidos|0|0|19|Meta inicial de cenario; rateio proporcional a 08/2025|Sim
08/2025|Dir.1|Empresa 1|Reg 1|Prod 1|Produtos vendidos|9,67|5|10|07/2025 a 09/2025|Sim
08/2025|Dir.1|Empresa 1|Reg 1|Prod 2|Produtos vendidos|12,33|5|13|07/2025 a 09/2025|Sim
08/2025|Dir.1|Empresa 1|Reg 1|Prod 3|Produtos vendidos|15,33|5|16|07/2025 a 09/2025|Sim
08/2025|Dir.1|Empresa 1|Reg 2|Prod 1|Produtos vendidos|11,67|5|12|07/2025 a 09/2025|Sim
08/2025|Dir.1|Empresa 1|Reg 2|Prod 2|Produtos vendidos|10,33|5|11|07/2025 a 09/2025|Sim
08/2025|Dir.1|Empresa 1|Reg 2|Prod 3|Produtos vendidos|12,67|5|13|07/2025 a 09/2025|Sim
08/2025|Dir.1|Empresa 2|Reg 3|Prod 1|Produtos vendidos|11,33|5|12|07/2025 a 09/2025|Sim
08/2025|Dir.1|Empresa 2|Reg 3|Prod 2|Produtos vendidos|13,67|5|14|07/2025 a 09/2025|Sim
08/2025|Dir.1|Empresa 2|Reg 3|Prod 3|Produtos vendidos|16,33|5|17|07/2025 a 09/2025|Sim
08/2025|Dir.1|Empresa 2|Reg 5|Prod 1|Produtos vendidos|9,00|5|10|07/2025 a 09/2025|Sim
08/2025|Dir.1|Empresa 2|Reg 5|Prod 2|Produtos vendidos|12,00|5|13|07/2025 a 09/2025|Sim
08/2025|Dir.1|Empresa 2|Reg 5|Prod 3|Produtos vendidos|14,00|5|15|07/2025 a 09/2025|Sim
08/2025|Dir.1|Empresa 2|Reg 6|Prod 1|Produtos vendidos|7,33|5|8|07/2025 a 09/2025|Sim
08/2025|Dir.1|Empresa 2|Reg 6|Prod 2|Produtos vendidos|12,33|5|13|07/2025 a 09/2025|Sim
08/2025|Dir.1|Empresa 2|Reg 6|Prod 3|Produtos vendidos|15,67|5|16|07/2025 a 09/2025|Sim
08/2025|Dir.1|Empresa 3|Reg 4|Prod 1|Produtos vendidos|9,33|5|10|07/2025 a 09/2025|Sim
08/2025|Dir.1|Empresa 3|Reg 4|Prod 2|Produtos vendidos|13,33|5|14|07/2025 a 09/2025|Sim
08/2025|Dir.1|Empresa 3|Reg 4|Prod 3|Produtos vendidos|17,00|5|18|07/2025 a 09/2025|Sim
08/2025|Dir.2|Empresa 2|Reg 7|Prod 1|Produtos vendidos|10,00|5|11|07/2025 a 09/2025|Sim
08/2025|Dir.2|Empresa 2|Reg 7|Prod 2|Produtos vendidos|13,00|5|14|07/2025 a 09/2025|Sim
08/2025|Dir.2|Empresa 2|Reg 7|Prod 3|Produtos vendidos|17,33|5|18|07/2025 a 09/2025|Sim
08/2025|Dir.2|Empresa 2|Reg 8|Prod 1|Produtos vendidos|6,33|5|7|07/2025 a 09/2025|Sim
08/2025|Dir.2|Empresa 2|Reg 8|Prod 2|Produtos vendidos|14,00|5|15|07/2025 a 09/2025|Sim
08/2025|Dir.2|Empresa 2|Reg 8|Prod 3|Produtos vendidos|14,33|5|15|07/2025 a 09/2025|Sim
08/2025|Dir.2|Empresa 3|Reg 10|Prod 1|Produtos vendidos|8,67|5|9|07/2025 a 09/2025|Sim
08/2025|Dir.2|Empresa 3|Reg 10|Prod 2|Produtos vendidos|11,67|5|12|07/2025 a 09/2025|Sim
08/2025|Dir.2|Empresa 3|Reg 10|Prod 3|Produtos vendidos|13,67|5|14|07/2025 a 09/2025|Sim
08/2025|Dir.2|Empresa 3|Reg 11|Prod 1|Produtos vendidos|19,33|5|20|07/2025 a 09/2025|Sim
08/2025|Dir.2|Empresa 3|Reg 11|Prod 2|Produtos vendidos|24,33|5|26|07/2025 a 09/2025|Sim
08/2025|Dir.2|Empresa 3|Reg 11|Prod 3|Produtos vendidos|29,00|5|30|07/2025 a 09/2025|Sim
08/2025|Dir.2|Empresa 3|Reg 9|Prod 1|Produtos vendidos|8,67|5|9|07/2025 a 09/2025|Sim
08/2025|Dir.2|Empresa 3|Reg 9|Prod 2|Produtos vendidos|15,00|5|16|07/2025 a 09/2025|Sim
08/2025|Dir.2|Empresa 3|Reg 9|Prod 3|Produtos vendidos|19,33|5|20|07/2025 a 09/2025|Sim
09/2025|Dir.1|Empresa 1|Reg 1|Prod 1|Produtos vendidos|9,67|5|10|07/2025 a 09/2025|Sim
09/2025|Dir.1|Empresa 1|Reg 1|Prod 2|Produtos vendidos|12,33|5|13|07/2025 a 09/2025|Sim
09/2025|Dir.1|Empresa 1|Reg 1|Prod 3|Produtos vendidos|15,33|5|16|07/2025 a 09/2025|Sim
09/2025|Dir.1|Empresa 1|Reg 2|Prod 1|Produtos vendidos|11,67|5|12|07/2025 a 09/2025|Sim
09/2025|Dir.1|Empresa 1|Reg 2|Prod 2|Produtos vendidos|10,33|5|11|07/2025 a 09/2025|Sim
09/2025|Dir.1|Empresa 1|Reg 2|Prod 3|Produtos vendidos|12,67|5|13|07/2025 a 09/2025|Sim
09/2025|Dir.1|Empresa 2|Reg 3|Prod 1|Produtos vendidos|11,33|5|12|07/2025 a 09/2025|Sim
09/2025|Dir.1|Empresa 2|Reg 3|Prod 2|Produtos vendidos|13,67|5|14|07/2025 a 09/2025|Sim
09/2025|Dir.1|Empresa 2|Reg 3|Prod 3|Produtos vendidos|16,33|5|17|07/2025 a 09/2025|Sim
09/2025|Dir.1|Empresa 2|Reg 5|Prod 1|Produtos vendidos|9,00|5|10|07/2025 a 09/2025|Sim
09/2025|Dir.1|Empresa 2|Reg 5|Prod 2|Produtos vendidos|12,00|5|13|07/2025 a 09/2025|Sim
09/2025|Dir.1|Empresa 2|Reg 5|Prod 3|Produtos vendidos|14,00|5|15|07/2025 a 09/2025|Sim
09/2025|Dir.1|Empresa 2|Reg 6|Prod 1|Produtos vendidos|7,33|5|8|07/2025 a 09/2025|Sim
09/2025|Dir.1|Empresa 2|Reg 6|Prod 2|Produtos vendidos|12,33|5|13|07/2025 a 09/2025|Sim
09/2025|Dir.1|Empresa 2|Reg 6|Prod 3|Produtos vendidos|15,67|5|16|07/2025 a 09/2025|Sim
09/2025|Dir.1|Empresa 3|Reg 4|Prod 1|Produtos vendidos|9,33|5|10|07/2025 a 09/2025|Sim
09/2025|Dir.1|Empresa 3|Reg 4|Prod 2|Produtos vendidos|13,33|5|14|07/2025 a 09/2025|Sim
09/2025|Dir.1|Empresa 3|Reg 4|Prod 3|Produtos vendidos|17,00|5|18|07/2025 a 09/2025|Sim
09/2025|Dir.2|Empresa 2|Reg 7|Prod 1|Produtos vendidos|10,00|5|11|07/2025 a 09/2025|Sim
09/2025|Dir.2|Empresa 2|Reg 7|Prod 2|Produtos vendidos|13,00|5|14|07/2025 a 09/2025|Sim
09/2025|Dir.2|Empresa 2|Reg 7|Prod 3|Produtos vendidos|17,33|5|18|07/2025 a 09/2025|Sim
09/2025|Dir.2|Empresa 2|Reg 8|Prod 1|Produtos vendidos|6,33|5|7|07/2025 a 09/2025|Sim
09/2025|Dir.2|Empresa 2|Reg 8|Prod 2|Produtos vendidos|14,00|5|15|07/2025 a 09/2025|Sim
09/2025|Dir.2|Empresa 2|Reg 8|Prod 3|Produtos vendidos|14,33|5|15|07/2025 a 09/2025|Sim
09/2025|Dir.2|Empresa 3|Reg 10|Prod 1|Produtos vendidos|8,67|5|9|07/2025 a 09/2025|Sim
09/2025|Dir.2|Empresa 3|Reg 10|Prod 2|Produtos vendidos|11,67|5|12|07/2025 a 09/2025|Sim
09/2025|Dir.2|Empresa 3|Reg 10|Prod 3|Produtos vendidos|13,67|5|14|07/2025 a 09/2025|Sim
09/2025|Dir.2|Empresa 3|Reg 11|Prod 1|Produtos vendidos|19,33|5|20|07/2025 a 09/2025|Sim
09/2025|Dir.2|Empresa 3|Reg 11|Prod 2|Produtos vendidos|24,33|5|26|07/2025 a 09/2025|Sim
09/2025|Dir.2|Empresa 3|Reg 11|Prod 3|Produtos vendidos|29,00|5|30|07/2025 a 09/2025|Sim
09/2025|Dir.2|Empresa 3|Reg 9|Prod 1|Produtos vendidos|8,67|5|9|07/2025 a 09/2025|Sim
09/2025|Dir.2|Empresa 3|Reg 9|Prod 2|Produtos vendidos|15,00|5|16|07/2025 a 09/2025|Sim
09/2025|Dir.2|Empresa 3|Reg 9|Prod 3|Produtos vendidos|19,33|5|20|07/2025 a 09/2025|Sim
10/2025|Dir.1|Empresa 1|Reg 1|Prod 1|Produtos vendidos|9,67|5|10|07/2025 a 09/2025|Sim
10/2025|Dir.1|Empresa 1|Reg 1|Prod 2|Produtos vendidos|12,33|5|13|07/2025 a 09/2025|Sim
10/2025|Dir.1|Empresa 1|Reg 1|Prod 3|Produtos vendidos|15,33|5|16|07/2025 a 09/2025|Sim
10/2025|Dir.1|Empresa 1|Reg 2|Prod 1|Produtos vendidos|11,67|5|12|07/2025 a 09/2025|Sim
10/2025|Dir.1|Empresa 1|Reg 2|Prod 2|Produtos vendidos|10,33|5|11|07/2025 a 09/2025|Sim
10/2025|Dir.1|Empresa 1|Reg 2|Prod 3|Produtos vendidos|12,67|5|13|07/2025 a 09/2025|Sim
10/2025|Dir.1|Empresa 2|Reg 3|Prod 1|Produtos vendidos|11,33|5|12|07/2025 a 09/2025|Sim
10/2025|Dir.1|Empresa 2|Reg 3|Prod 2|Produtos vendidos|13,67|5|14|07/2025 a 09/2025|Sim
10/2025|Dir.1|Empresa 2|Reg 3|Prod 3|Produtos vendidos|16,33|5|17|07/2025 a 09/2025|Sim
10/2025|Dir.1|Empresa 2|Reg 5|Prod 1|Produtos vendidos|9,00|5|10|07/2025 a 09/2025|Sim
10/2025|Dir.1|Empresa 2|Reg 5|Prod 2|Produtos vendidos|12,00|5|13|07/2025 a 09/2025|Sim
10/2025|Dir.1|Empresa 2|Reg 5|Prod 3|Produtos vendidos|14,00|5|15|07/2025 a 09/2025|Sim
10/2025|Dir.1|Empresa 2|Reg 6|Prod 1|Produtos vendidos|7,33|5|8|07/2025 a 09/2025|Sim
10/2025|Dir.1|Empresa 2|Reg 6|Prod 2|Produtos vendidos|12,33|5|13|07/2025 a 09/2025|Sim
10/2025|Dir.1|Empresa 2|Reg 6|Prod 3|Produtos vendidos|15,67|5|16|07/2025 a 09/2025|Sim
10/2025|Dir.1|Empresa 3|Reg 4|Prod 1|Produtos vendidos|9,33|5|10|07/2025 a 09/2025|Sim
10/2025|Dir.1|Empresa 3|Reg 4|Prod 2|Produtos vendidos|13,33|5|14|07/2025 a 09/2025|Sim
10/2025|Dir.1|Empresa 3|Reg 4|Prod 3|Produtos vendidos|17,00|5|18|07/2025 a 09/2025|Sim
10/2025|Dir.2|Empresa 2|Reg 7|Prod 1|Produtos vendidos|10,00|5|11|07/2025 a 09/2025|Sim
10/2025|Dir.2|Empresa 2|Reg 7|Prod 2|Produtos vendidos|13,00|5|14|07/2025 a 09/2025|Sim
10/2025|Dir.2|Empresa 2|Reg 7|Prod 3|Produtos vendidos|17,33|5|18|07/2025 a 09/2025|Sim
10/2025|Dir.2|Empresa 2|Reg 8|Prod 1|Produtos vendidos|6,33|5|7|07/2025 a 09/2025|Sim
10/2025|Dir.2|Empresa 2|Reg 8|Prod 2|Produtos vendidos|14,00|5|15|07/2025 a 09/2025|Sim
10/2025|Dir.2|Empresa 2|Reg 8|Prod 3|Produtos vendidos|14,33|5|15|07/2025 a 09/2025|Sim
10/2025|Dir.2|Empresa 3|Reg 10|Prod 1|Produtos vendidos|8,67|5|9|07/2025 a 09/2025|Sim
10/2025|Dir.2|Empresa 3|Reg 10|Prod 2|Produtos vendidos|11,67|5|12|07/2025 a 09/2025|Sim
10/2025|Dir.2|Empresa 3|Reg 10|Prod 3|Produtos vendidos|13,67|5|14|07/2025 a 09/2025|Sim
10/2025|Dir.2|Empresa 3|Reg 11|Prod 1|Produtos vendidos|19,33|5|20|07/2025 a 09/2025|Sim
10/2025|Dir.2|Empresa 3|Reg 11|Prod 2|Produtos vendidos|24,33|5|26|07/2025 a 09/2025|Sim
10/2025|Dir.2|Empresa 3|Reg 11|Prod 3|Produtos vendidos|29,00|5|30|07/2025 a 09/2025|Sim
10/2025|Dir.2|Empresa 3|Reg 9|Prod 1|Produtos vendidos|8,67|5|9|07/2025 a 09/2025|Sim
10/2025|Dir.2|Empresa 3|Reg 9|Prod 2|Produtos vendidos|15,00|5|16|07/2025 a 09/2025|Sim
10/2025|Dir.2|Empresa 3|Reg 9|Prod 3|Produtos vendidos|19,33|5|20|07/2025 a 09/2025|Sim
